AntiVirus/Spyware,Backup,Browsers,Cleaners,FileSystem,Network,Optimizers,Partition / Boot / MBR,Passwords / Keys,Process,Recovery,Registry,Remote Control,Security,Startup,System Information,Testing,Tweakers,Other
ComboFix,Drivers\DoubleDriver,7-Zip File Manager,CCleaner,Alternate Stream View (NTFS),Angry IP Scanner,Defraggler,Commandline\BootSect,Product Keys\License Crawler,Dependency Walker,GetDataBack *\For NTFS,ERUNT - The Emergency Recovery Utility NT,TeamViewer,DiskCryptor,AutoRuns,BlueScreenView,Disk Speed,Dial a Fix,Bulk Rename Utility
ComboFix.bat,DoubleDriver.bat,7-Zip.bat,CCleaner.bat,AlternateStreamView.bat,AngryIPScanner.bat,Defraggler.bat,BootSect.bat,LicenseCrawler.bat,DependencyWalker.bat,GetDataNTFS.bat,ERUNT.bat,TeamViewer.bat,DiskCryptor.bat,AutoRuns.bat,BlueScreenView.bat,DskSpeed.bat,DialAFix.bat,BulkRenameUtility.bat
CoolWebSearch Remover,Drivers\Driver Backup,ERD Explorer *,Cleanup!,FileDisk Mount Tool (for ISO/BIN/NRG/MDF/IMA),CurrPorts,JkDefrag,Commandline\Diskman4,Product Keys\ProduKey - Xp Key Viewer,IBProcMan,GetDataBack *\For FAT,Fix hard disk controller (fix_hdc.cmd),TightVNC\TightVNC Viewer,TrueCrypt,HijackThis,CPU-Z,HDD Scan,Disable Autorun,Easy UHA
CoolWebSearch_Remover.bat,DriverBackup.bat,ERDExplorer.bat,Cleanup.bat,Filedisk.bat,CPorts.bat,JkDefrag.bat,Diskman4.bat,ProduKey.bat,IBProcMan.exe,GetDataFAT.bat,FixHDC.bat,TightVNCViewer.bat,TrueCrypt.bat,HijackThis.bat,CPUz.bat,HDDScan.bat,DisableAutorun.bat,EasyUHA.exe
Dr.Web CureIt! Antivirus,Drivers\SmartDriverBackup,Explore2fs,Data Shredder,NTFS Access (to set permissions),Network Password Recovery,NT Registry Optimizer,Commandline\MbrFix,Product Keys\Windows Xp Key Viewer/Changer,KillBox,HDD Scan,RegScanner,TightVNC\TightVNC Server,,SilentRunners,DTemp,H2testw - Flash memory test,Disable Compress Old Files,Hiren's BootCD Customizer
DrWebCureIt.exe,SmartDriverBackup.bat,Explore2fs.bat,Shredder.bat,NTFSAccess.bat,NetworkPasswordRecovery.bat,NtRegOpt.bat,MbrFix.bat,WinKeyFinder.bat,KillBox.exe,HDDScan.bat,RegScanner.bat,TightVNCServer.bat,,SilentRunners.bat,DTemp.bat,H2testw.bat,DisableCompressOldFiles.bat,HBCDCustomize.exe
GMER (Rootkit Detector),Image Explorers\Drive Image Explorer *,Opera Web Browser,SpaceMonger,NewSID,TCPView,PageDfrg,Commandline\MBR Utility,Product Keys\XP Key Reader / Changer,OpenedFilesView,Partition Find and Mount,Registry Backup && Restore Tool,,,StartupCPL,GPU-Z,MemTest,Edit Hosts File,HxD - Hex/Disk/RAM Editor
GMER.bat,DrvImgXp.bat,Opera.bat,SpaceMonger.bat,NewSID.bat,TCPView.bat,PageDfrg.bat,MBRUtility.bat,XP-Key-Reader.bat,OpenedFilesView.bat,PartitionFindAndMount.bat,RegistryBackup.bat,,,StartupCPL.bat,GPU-Z.bat,MemTest.bat,EditHosts.bat,HxD.bat
Malwarebytes' Anti-Malware,Image Explorers\Ghost Explorer *,Total Commander,WinDirStat,Virtual Floppy Drive,Winsock2Fix 9x,,Commandline\MBRWizard,Windows Login\Password Renew,Process Activity View,PartitionRecovery,Registry Editor PE,,,StartupMonitor,HD Tune,Monitor Tester,EzPCFix,IrfanView Image Viewer/Editor
Malwarebytes.bat,GhostExp.bat,TotalCommander.bat,WinDirStat.bat,VirtualFloppyDrive.bat,Winsock2Fix9x.bat,,MBRWizard.bat,PasswordRenew.bat,ProcessActivityView.bat,PartitionRecovery.bat,RegEditPE.bat,,,StartupMonitor.exe,HDTune.bat,MonitorTester.bat,EzPCFix.bat,IrfanView.bat
RootkitRevealer,DriveImage XML,,,,Wireless Key Viewer,,Fat32 Formatter GUI,Windows Login\WindowsGate,Process Explorer,PhotoRec,Registry/Process Monitor,,,,PCI32,S && M Stress Tests,Installed Codec,
RootkitRevealer.bat,DriveImageXML.bat,,,,WirelessKeyView.bat,,Fat32Formatter.bat,WindowsGate.bat,ProcessExplorer.bat,PhotoRec.bat,ProcessMonitor.bat,,,,PCI32.bat,SM.bat,InstalledCodec.bat,
SmitFraudFix,ERUNT - The Emergency Recovery Utility NT,,,,XP TCPIP Winsock Repair,,Grub4Dos Installer,Asterisk Logger (Reveal),Process Monitor,Recuva,RegFromApp (Monitor Changes),,,,PC Wizard,Video Memory Stress Test,RRT - Remove Restrictions Tool,
SmitFraudFix.bat,ERUNT.bat,,,,XpTCPIPWinsockRepair.bat,,Grub4DosInstaller.bat,AsteriskLogger.bat,ProcessMonitor.bat,Recuva.bat,RegFromApp.bat,,,,PCWizard.bat,VideoMemoryStressTest.bat,RemoveRestrictionsTool.bat,
Spybot Search && Destroy,FastCopy,,,,,,Partition Find and Mount,Content Advisor Password Remover,Unlocker,Restoration,Registry Restore Wizard,,,,SIW - Sys Info for Win,,RemoveWGA,
SpybotSD.bat,FastCopy.bat,,,,,,PartitionFindAndMount.bat,ContentAdvisorPasswordRemover.bat,Unlocker.bat,Restoration.bat,RegRestoreWizard.bat,,,,siw.exe,,RemoveWGA.bat,
Spyware Blaster,Ghost32 *,,,,,,Partition Wizard Home Edition,Mail Password Viewer,,Smart Partition Recovery,,,,,UnknownDevices,,Shell Extensions Manager,
SpywareBlaster.bat,Ghost32.bat,,,,,,PartitionWizard.bat,MailPassView.bat,,SmartPartitionRecovery.bat,,,,,UnknownDevices.bat,,ShExView.bat,
SuperAntiSpyware,GImageX - ImageX GUI,,,,,,USB Format Tool,Messenger Password,,SoftPerfect File Recovery,,,,,USBDeview,,Shell Menu New,
SuperAntiSpyware.bat,GImageX.bat,,,,,,USBFormat.bat,MessenPass.bat,,SoftPerfectFileRecovery.bat,,,,,USBDeview.bat,,ShellMenuNew.bat,
,InfraRecorder / CD-DVD Copier,,,,,,,Network Password Recovery,,TestDisk,,,,,,,Show Hidden Devices in Device Manager,
,InfraRecorder.bat,,,,,,,NetworkPasswordRecovery.bat,,TestDisk.bat,,,,,,,ShowHiddenDevices.bat,
,Partition Saving,,,,,,,PST (Outlook) Password Recovery,,Undelete *,,,,,,,TweakUI,
,PartSaving.bat,,,,,,,PstPassword.bat,,Undelete.bat,,,,,,,TweakUI.bat,
,Registry Backup && Restore Tool,,,,,,,Wireless Key Viewer,,Unstoppable Copier,,,,,,,Ultimate Windows Tweaker - For Vista-7,
,RegistryBackup.bat,,,,,,,WirelessKeyView.bat,,UnstoppableCopier.bat,,,,,,,UltimateWindowsTweaker.bat,
,SelfImage,,,,,,,,,,,,,,,,Xp AntiSpy,
,SelfImage.bat,,,,,,,,,,,,,,,,xp-AntiSpy.bat,
,SnapShot *,,,,,,,,,,,,,,,,,
,SnapShot.bat,,,,,,,,,,,,,,,,,
,Splitter,,,,,,,,,,,,,,,,,
,Splitter.exe,,,,,,,,,,,,,,,,,
,Unstoppable Copier,,,,,,,,,,,,,,,,,
,UnstoppableCopier.bat,,,,,,,,,,,,,,,,,
